iteration,avg_confidence_drop
0,0.2796050870418549
1,0.28065469026565554
2,0.2816334998607635
3,0.2796050870418549
