iteration,avg_confidence_drop
0,0.09756472945213318
1,0.22469216108322143
2,0.10706246137619019
3,0.09756472945213318
