iteration,avg_confidence_drop
0,-0.0017821073532104492
1,-0.00021533966064453126
2,-0.0017821073532104492
