iteration,avg_biological_score
0,0.9182542347708236
1,0.9158789130304306
2,0.9226667415461505
3,0.9182542347708236
