iteration,avg_biological_score
0,0.9533333333333334
1,0.9958333333333332
2,0.9533333333333334
