iteration,avg_biological_score
0,0.9680549693974926
1,0.9524448390711707
2,0.9733933127759044
3,0.9680549693974926
