iteration,test_accuracy
0,0.5011824324324324
1,0.4959459459459459
2,0.4918918918918919
