iteration,test_accuracy
0,0.9373310810810812
1,0.9398648648648648
2,0.941891891891892
3,0.941554054054054
