iteration,test_accuracy
0,0.8726351351351351
1,0.8726351351351351
2,0.872804054054054
3,0.872804054054054
