iteration,train_loss,val_loss
0,0.0,0.0
1,0.5019125044345856,0.295694574029059
2,0.5165093739827474,0.2956776232131429
3,0.543472001949946,0.2956563267152051
