iteration,train_loss,val_loss
0,0.6916750222444534,0.6981902122497559
1,0.6932224780321121,0.6974596381187439
2,0.6915968954563141,0.6970198750495911
