iteration,train_loss,val_loss
0,0.0673346640609796,0.1552493226044257
1,0.0166327315735599,0.2366768122800135
2,0.0096120675447061,0.2664022806619697
3,0.0079159431384753,0.2962747204739276
