iteration,train_accuracy,val_accuracy,test_accuracy,train_loss,val_loss,test_loss,adversarial_samples,training_approach
0,0.524,0.37,0.5011824324324324,0.6916750222444534,0.6981902122497559,0.6929984080030563,0,full_retraining
1,0.502,0.42,0.49594594594594593,0.6932224780321121,0.6974596381187439,0.6935086757578748,0,full_retraining
2,0.532,0.42,0.4918918918918919,0.6915968954563141,0.6970198750495911,0.693821370601654,0,full_retraining
