iteration,train_accuracy,val_accuracy,test_accuracy,train_loss,val_loss,test_loss,adversarial_samples,training_approach
0,0.0,0.0,0.8726351351351351,0.0,0.0,0.31765141599887126,,
1,0.6486486486486487,0.8847972972972973,0.8726351351351351,0.5019125044345856,0.295694574029059,0.3176401357594374,37.0,adversarial_only
2,0.6486486486486487,0.8847972972972973,0.872804054054054,0.5165093739827474,0.29567762321314295,0.31761672496795657,37.0,adversarial_only
3,0.7027027027027027,0.8847972972972973,0.872804054054054,0.543472001949946,0.29565632671520514,0.3175851503940853,37.0,adversarial_only
